{
  "idShort": "Record_2023-12-01T03:20:54Z",
  "semanticId": {
    "type": "ExternalReference",
    "keys": [
      {
        "type": "GlobalReference",
        "value": "https://admin-shell.io/idta/TimeSeries/Record/1/2"
      }
    ]
  },
  "embeddedDataSpecifications": [],
  "value": [
    {
      "category": "PARAMETER",
      "idShort": "Time",
      "semanticId": {
        "type": "ExternalReference",
        "keys": [
          {
            "type": "GlobalReference",
            "value": "https://admin-shell.io/idta/TimeSeries/UtcTime/1/1"
          }
        ]
      },
      "embeddedDataSpecifications": [],
      "valueType": "xs:string",
      "value": "2023-12-01T03:20:54Z",
      "modelType": "Property"
    },
    {
      "category": "PARAMETER",
      "idShort": "Temparature",
      "semanticId": {
        "type": "ExternalReference",
        "keys": [
          {
            "type": "GlobalReference",
            "value": ""
          }
        ]
      },
      "embeddedDataSpecifications": [],
      "valueType": "xs:string",
      "value": 75.0,
      "modelType": "Property"
    }
  ],
  "modelType": "SubmodelElementCollection"
}