<?xml version='1.0' encoding='UTF-8'?>
<aas:aasenv xmlns:aas="http://www.admin-shell.io/aas/2/0" xmlns:abac="http://www.admin-shell.io/aas/abac/2/0" xmlns:aas_common="http://www.admin-shell.io/aas_common/2/0" xmlns:xsi="http://www.w3.org/2001/XMLSchema-instance" xmlns:IEC="http://www.admin-shell.io/IEC61360/2/0" xmlns:xs="http://www.w3.org/2001/XMLSchema"><aas:assetAdministrationShells><aas:assetAdministrationShell><aas:idShort>TimeseriesWithValue</aas:idShort><aas:identification idType="IRI">https://acplt.org/Simple_AAS/timeseies</aas:identification><aas:assetRef><aas:keys><aas:key idType="IRI" local="true" type="Asset">https://example.com/asset/1</aas:key></aas:keys></aas:assetRef><aas:submodelRefs><aas:submodelRef><aas:keys><aas:key idType="IRI" local="true" type="Submodel">https://admin-shell.io/idta/TimeSeries/1/1</aas:key></aas:keys></aas:submodelRef></aas:submodelRefs></aas:assetAdministrationShell></aas:assetAdministrationShells><aas:assets><aas:asset><aas:idShort>HARTINGAAS</aas:idShort><aas:identification idType="IRI">https://example.com/asset/1</aas:identification><aas:kind>Instance</aas:kind></aas:asset></aas:assets><aas:submodels><aas:submodel><aas:idShort>TimeSeries</aas:idShort><aas:category>Submodel</aas:category><aas:identification idType="IRI">https://admin-shell.io/idta/TimeSeries/1/1</aas:identification><aas:kind>Instance</aas:kind><aas:semanticId><aas:keys><aas:key idType="IRI" local="false" type="GlobalReference">https://admin-shell.io/idta/TimeSeries/1/1</aas:key></aas:keys></aas:semanticId><aas:submodelElements><aas:submodelElement><aas:submodelElementCollection><aas:idShort>Metadata</aas:idShort><aas:kind>Instance</aas:kind><aas:semanticId><aas:keys><aas:key idType="IRI" local="false" type="ConceptDescription">https://admin-shell.io/idta/TimeSeries/Metadata/1/1</aas:key></aas:keys></aas:semanticId><aas:value><aas:submodelElement><aas:multiLanguageProperty><aas:idShort>Name</aas:idShort><aas:category>LANG-PARAMETER</aas:category><aas:kind>Instance</aas:kind><aas:semanticId><aas:keys><aas:key idType="IRI" local="true" type="ConceptDescription">Series([], )</aas:key></aas:keys></aas:semanticId></aas:multiLanguageProperty></aas:submodelElement><aas:submodelElement><aas:multiLanguageProperty><aas:idShort>Description</aas:idShort><aas:category>LANG-PARAMETER</aas:category><aas:kind>Instance</aas:kind><aas:semanticId><aas:keys><aas:key idType="IRI" local="true" type="ConceptDescription">Series([], )</aas:key></aas:keys></aas:semanticId></aas:multiLanguageProperty></aas:submodelElement><aas:submodelElement><aas:submodelElementCollection><aas:idShort>Record</aas:idShort><aas:kind>Instance</aas:kind><aas:semanticId><aas:keys><aas:key idType="IRI" local="false" type="ConceptDescription">https://admin-shell.io/idta/TimeSeries/Record/1/1</aas:key></aas:keys></aas:semanticId><aas:value><aas:submodelElement><aas:property><aas:idShort>Time</aas:idShort><aas:category>PARAMETER</aas:category><aas:kind>Instance</aas:kind><aas:semanticId><aas:keys><aas:key idType="IRDI" local="true" type="ConceptDescription">Series([], )</aas:key></aas:keys></aas:semanticId><aas:valueType>string</aas:valueType></aas:property></aas:submodelElement><aas:submodelElement><aas:property><aas:idShort>sampleAccelerationX</aas:idShort><aas:category>PARAMETER</aas:category><aas:kind>Instance</aas:kind><aas:semanticId><aas:keys><aas:key idType="IRDI" local="true" type="ConceptDescription">Series([], )</aas:key></aas:keys></aas:semanticId><aas:valueType>string</aas:valueType></aas:property></aas:submodelElement><aas:submodelElement><aas:property><aas:idShort>sampleAccelerationY</aas:idShort><aas:category>PARAMETER</aas:category><aas:kind>Instance</aas:kind><aas:semanticId><aas:keys><aas:key idType="IRDI" local="true" type="ConceptDescription">Series([], )</aas:key></aas:keys></aas:semanticId><aas:valueType>string</aas:valueType></aas:property></aas:submodelElement><aas:submodelElement><aas:property><aas:idShort>sampleAccelerationZ</aas:idShort><aas:category>PARAMETER</aas:category><aas:kind>Instance</aas:kind><aas:semanticId><aas:keys><aas:key idType="IRDI" local="true" type="ConceptDescription">Series([], )</aas:key></aas:keys></aas:semanticId><aas:valueType>string</aas:valueType></aas:property></aas:submodelElement></aas:value><aas:ordered>true</aas:ordered><aas:allowDuplicates>false</aas:allowDuplicates></aas:submodelElementCollection></aas:submodelElement></aas:value><aas:ordered>true</aas:ordered><aas:allowDuplicates>false</aas:allowDuplicates></aas:submodelElementCollection></aas:submodelElement><aas:submodelElement><aas:submodelElementCollection><aas:idShort>Segments</aas:idShort><aas:kind>Instance</aas:kind><aas:semanticId><aas:keys><aas:key idType="IRI" local="false" type="ConceptDescription">https://admin-shell.io/idta/TimeSeries/Segments/1/1</aas:key></aas:keys></aas:semanticId><aas:value><aas:submodelElement><aas:submodelElementCollection><aas:idShort>ExternalSegment</aas:idShort><aas:kind>Instance</aas:kind><aas:semanticId><aas:keys><aas:key idType="IRI" local="false" type="ConceptDescription">https://admin-shell.io/idta/TimeSeries/Segments/ExternalSegment/1/1</aas:key></aas:keys></aas:semanticId><aas:value><aas:submodelElement><aas:multiLanguageProperty><aas:idShort>Name</aas:idShort><aas:category>LANG-PARAMETER</aas:category><aas:kind>Instance</aas:kind><aas:semanticId><aas:keys><aas:key idType="IRI" local="true" type="ConceptDescription">Series([], )</aas:key></aas:keys></aas:semanticId></aas:multiLanguageProperty></aas:submodelElement><aas:submodelElement><aas:multiLanguageProperty><aas:idShort>Description</aas:idShort><aas:category>LANG-PARAMETER</aas:category><aas:kind>Instance</aas:kind><aas:semanticId><aas:keys><aas:key idType="IRI" local="true" type="ConceptDescription">Series([], )</aas:key></aas:keys></aas:semanticId></aas:multiLanguageProperty></aas:submodelElement><aas:submodelElement><aas:property><aas:idShort>RecordCount</aas:idShort><aas:category>PARAMETER</aas:category><aas:kind>Instance</aas:kind><aas:semanticId><aas:keys><aas:key idType="IRI" local="true" type="ConceptDescription">Series([], )</aas:key></aas:keys></aas:semanticId><aas:valueType>string</aas:valueType></aas:property></aas:submodelElement><aas:submodelElement><aas:property><aas:idShort>StartTime</aas:idShort><aas:category>PARAMETER</aas:category><aas:kind>Instance</aas:kind><aas:semanticId><aas:keys><aas:key idType="IRI" local="true" type="ConceptDescription">Series([], )</aas:key></aas:keys></aas:semanticId><aas:valueType>string</aas:valueType></aas:property></aas:submodelElement><aas:submodelElement><aas:property><aas:idShort>EndTime</aas:idShort><aas:category>PARAMETER</aas:category><aas:kind>Instance</aas:kind><aas:semanticId><aas:keys><aas:key idType="IRI" local="true" type="ConceptDescription">Series([], )</aas:key></aas:keys></aas:semanticId><aas:valueType>string</aas:valueType></aas:property></aas:submodelElement><aas:submodelElement><aas:property><aas:idShort>Duration</aas:idShort><aas:category>PARAMETER</aas:category><aas:kind>Instance</aas:kind><aas:semanticId><aas:keys><aas:key idType="IRI" local="true" type="ConceptDescription">Series([], )</aas:key></aas:keys></aas:semanticId><aas:valueType>string</aas:valueType></aas:property></aas:submodelElement><aas:submodelElement><aas:property><aas:idShort>SamplingInterval</aas:idShort><aas:category>PARAMETER</aas:category><aas:kind>Instance</aas:kind><aas:semanticId><aas:keys><aas:key idType="IRI" local="true" type="ConceptDescription">Series([], )</aas:key></aas:keys></aas:semanticId><aas:valueType>string</aas:valueType></aas:property></aas:submodelElement><aas:submodelElement><aas:property><aas:idShort>SamplingRate</aas:idShort><aas:category>PARAMETER</aas:category><aas:kind>Instance</aas:kind><aas:semanticId><aas:keys><aas:key idType="IRI" local="true" type="ConceptDescription">Series([], )</aas:key></aas:keys></aas:semanticId><aas:valueType>string</aas:valueType></aas:property></aas:submodelElement><aas:submodelElement><aas:property><aas:idShort>State</aas:idShort><aas:category>PARAMETER</aas:category><aas:kind>Instance</aas:kind><aas:semanticId><aas:keys><aas:key idType="IRI" local="true" type="ConceptDescription">Series([], )</aas:key></aas:keys></aas:semanticId><aas:valueType>string</aas:valueType></aas:property></aas:submodelElement><aas:submodelElement><aas:property><aas:idShort>LastUpdate</aas:idShort><aas:category>PARAMETER</aas:category><aas:kind>Instance</aas:kind><aas:semanticId><aas:keys><aas:key idType="IRI" local="true" type="ConceptDescription">Series([], )</aas:key></aas:keys></aas:semanticId><aas:valueType>string</aas:valueType></aas:property></aas:submodelElement><aas:submodelElement><aas:file><aas:idShort>ExplanatoryStatement</aas:idShort><aas:kind>Instance</aas:kind><aas:semanticId><aas:keys><aas:key idType="IRI" local="false" type="GlobalReference">https://example.com/ids/cd/3291_7022_2032_0718</aas:key></aas:keys></aas:semanticId><aas:mimeType>application/pdf</aas:mimeType></aas:file></aas:submodelElement><aas:submodelElement><aas:blob><aas:idShort>Blob</aas:idShort><aas:category>PARAMETER</aas:category><aas:description><aas:langString lang="en-us">Example Blob object</aas:langString><aas:langString lang="de">Beispiel Blob Element</aas:langString></aas:description><aas:kind>Instance</aas:kind><aas:semanticId><aas:keys><aas:key idType="IRI" local="false" type="ConceptDescription">https://admin-shell.io/idta/TimeSeries/Blob/1/1</aas:key></aas:keys></aas:semanticId><aas:value/><aas:mimeType>application/pdf</aas:mimeType></aas:blob></aas:submodelElement></aas:value><aas:ordered>true</aas:ordered><aas:allowDuplicates>false</aas:allowDuplicates></aas:submodelElementCollection></aas:submodelElement><aas:submodelElement><aas:submodelElementCollection><aas:idShort>LinkedSegment</aas:idShort><aas:kind>Instance</aas:kind><aas:semanticId><aas:keys><aas:key idType="IRI" local="false" type="ConceptDescription"> https://admin-shell.io/idta/TimeSeries/Segments/LinkedSegment/1/1</aas:key></aas:keys></aas:semanticId><aas:value><aas:submodelElement><aas:multiLanguageProperty><aas:idShort>Name</aas:idShort><aas:category>LANG-PARAMETER</aas:category><aas:kind>Instance</aas:kind><aas:semanticId><aas:keys><aas:key idType="IRI" local="true" type="ConceptDescription">Series([], )</aas:key></aas:keys></aas:semanticId></aas:multiLanguageProperty></aas:submodelElement><aas:submodelElement><aas:multiLanguageProperty><aas:idShort>Description</aas:idShort><aas:category>LANG-PARAMETER</aas:category><aas:kind>Instance</aas:kind><aas:semanticId><aas:keys><aas:key idType="IRI" local="true" type="ConceptDescription">Series([], )</aas:key></aas:keys></aas:semanticId></aas:multiLanguageProperty></aas:submodelElement><aas:submodelElement><aas:property><aas:idShort>RecordCount</aas:idShort><aas:category>PARAMETER</aas:category><aas:kind>Instance</aas:kind><aas:semanticId><aas:keys><aas:key idType="IRI" local="true" type="ConceptDescription">Series([], )</aas:key></aas:keys></aas:semanticId><aas:valueType>string</aas:valueType></aas:property></aas:submodelElement><aas:submodelElement><aas:property><aas:idShort>StartTime</aas:idShort><aas:category>PARAMETER</aas:category><aas:kind>Instance</aas:kind><aas:semanticId><aas:keys><aas:key idType="IRI" local="true" type="ConceptDescription">Series([], )</aas:key></aas:keys></aas:semanticId><aas:valueType>string</aas:valueType></aas:property></aas:submodelElement><aas:submodelElement><aas:property><aas:idShort>EndTime</aas:idShort><aas:category>PARAMETER</aas:category><aas:kind>Instance</aas:kind><aas:semanticId><aas:keys><aas:key idType="IRI" local="true" type="ConceptDescription">Series([], )</aas:key></aas:keys></aas:semanticId><aas:valueType>string</aas:valueType></aas:property></aas:submodelElement><aas:submodelElement><aas:property><aas:idShort>Duration</aas:idShort><aas:category>PARAMETER</aas:category><aas:kind>Instance</aas:kind><aas:semanticId><aas:keys><aas:key idType="IRI" local="true" type="ConceptDescription">Series([], )</aas:key></aas:keys></aas:semanticId><aas:valueType>string</aas:valueType></aas:property></aas:submodelElement><aas:submodelElement><aas:property><aas:idShort>SamplingInterval</aas:idShort><aas:category>PARAMETER</aas:category><aas:kind>Instance</aas:kind><aas:semanticId><aas:keys><aas:key idType="IRI" local="true" type="ConceptDescription">Series([], )</aas:key></aas:keys></aas:semanticId><aas:valueType>string</aas:valueType></aas:property></aas:submodelElement><aas:submodelElement><aas:property><aas:idShort>SamplingRate</aas:idShort><aas:category>PARAMETER</aas:category><aas:kind>Instance</aas:kind><aas:semanticId><aas:keys><aas:key idType="IRI" local="true" type="ConceptDescription">Series([], )</aas:key></aas:keys></aas:semanticId><aas:valueType>string</aas:valueType></aas:property></aas:submodelElement><aas:submodelElement><aas:property><aas:idShort>State</aas:idShort><aas:category>PARAMETER</aas:category><aas:kind>Instance</aas:kind><aas:semanticId><aas:keys><aas:key idType="IRI" local="true" type="ConceptDescription">Series([], )</aas:key></aas:keys></aas:semanticId><aas:valueType>string</aas:valueType></aas:property></aas:submodelElement><aas:submodelElement><aas:property><aas:idShort>LastUpdate</aas:idShort><aas:category>PARAMETER</aas:category><aas:kind>Instance</aas:kind><aas:semanticId><aas:keys><aas:key idType="IRI" local="true" type="ConceptDescription">Series([], )</aas:key></aas:keys></aas:semanticId><aas:valueType>string</aas:valueType></aas:property></aas:submodelElement><aas:submodelElement><aas:property><aas:idShort>Endpoint</aas:idShort><aas:category>PARAMETER</aas:category><aas:kind>Instance</aas:kind><aas:semanticId><aas:keys><aas:key idType="IRI" local="true" type="ConceptDescription">Series([], )</aas:key></aas:keys></aas:semanticId><aas:valueType>string</aas:valueType><aas:value>http://192.168.0.100:8086</aas:value></aas:property></aas:submodelElement><aas:submodelElement><aas:property><aas:idShort>Query</aas:idShort><aas:category>PARAMETER</aas:category><aas:kind>Instance</aas:kind><aas:semanticId><aas:keys><aas:key idType="IRI" local="true" type="ConceptDescription">Series([], )</aas:key></aas:keys></aas:semanticId><aas:valueType>string</aas:valueType><aas:value>from(bucket: "{aas_data_rpi}") |&gt; range(start: -1h)</aas:value></aas:property></aas:submodelElement></aas:value><aas:ordered>true</aas:ordered><aas:allowDuplicates>false</aas:allowDuplicates></aas:submodelElementCollection></aas:submodelElement><aas:submodelElement><aas:submodelElementCollection><aas:idShort>InternalSegment</aas:idShort><aas:kind>Instance</aas:kind><aas:semanticId><aas:keys><aas:key idType="IRI" local="false" type="ConceptDescription">https://admin-shell.io/idta/TimeSeries/Segments/InternalSegment/1/1</aas:key></aas:keys></aas:semanticId><aas:value><aas:submodelElement><aas:multiLanguageProperty><aas:idShort>Name</aas:idShort><aas:category>LANG-PARAMETER</aas:category><aas:kind>Instance</aas:kind><aas:semanticId><aas:keys><aas:key idType="IRI" local="true" type="ConceptDescription">Series([], )</aas:key></aas:keys></aas:semanticId></aas:multiLanguageProperty></aas:submodelElement><aas:submodelElement><aas:multiLanguageProperty><aas:idShort>Description</aas:idShort><aas:category>LANG-PARAMETER</aas:category><aas:kind>Instance</aas:kind><aas:semanticId><aas:keys><aas:key idType="IRI" local="true" type="ConceptDescription">Series([], )</aas:key></aas:keys></aas:semanticId></aas:multiLanguageProperty></aas:submodelElement><aas:submodelElement><aas:property><aas:idShort>RecordCount</aas:idShort><aas:category>PARAMETER</aas:category><aas:kind>Instance</aas:kind><aas:semanticId><aas:keys><aas:key idType="IRI" local="true" type="ConceptDescription">Series([], )</aas:key></aas:keys></aas:semanticId><aas:valueType>string</aas:valueType></aas:property></aas:submodelElement><aas:submodelElement><aas:property><aas:idShort>StartTime</aas:idShort><aas:category>PARAMETER</aas:category><aas:kind>Instance</aas:kind><aas:semanticId><aas:keys><aas:key idType="IRI" local="true" type="ConceptDescription">Series([], )</aas:key></aas:keys></aas:semanticId><aas:valueType>string</aas:valueType></aas:property></aas:submodelElement><aas:submodelElement><aas:property><aas:idShort>EndTime</aas:idShort><aas:category>PARAMETER</aas:category><aas:kind>Instance</aas:kind><aas:semanticId><aas:keys><aas:key idType="IRI" local="true" type="ConceptDescription">Series([], )</aas:key></aas:keys></aas:semanticId><aas:valueType>string</aas:valueType></aas:property></aas:submodelElement><aas:submodelElement><aas:property><aas:idShort>Duration</aas:idShort><aas:category>PARAMETER</aas:category><aas:kind>Instance</aas:kind><aas:semanticId><aas:keys><aas:key idType="IRI" local="true" type="ConceptDescription">Series([], )</aas:key></aas:keys></aas:semanticId><aas:valueType>string</aas:valueType></aas:property></aas:submodelElement><aas:submodelElement><aas:property><aas:idShort>SamplingInterval</aas:idShort><aas:category>PARAMETER</aas:category><aas:kind>Instance</aas:kind><aas:semanticId><aas:keys><aas:key idType="IRI" local="true" type="ConceptDescription">Series([], )</aas:key></aas:keys></aas:semanticId><aas:valueType>string</aas:valueType></aas:property></aas:submodelElement><aas:submodelElement><aas:property><aas:idShort>SamplingRate</aas:idShort><aas:category>PARAMETER</aas:category><aas:kind>Instance</aas:kind><aas:semanticId><aas:keys><aas:key idType="IRI" local="true" type="ConceptDescription">Series([], )</aas:key></aas:keys></aas:semanticId><aas:valueType>string</aas:valueType></aas:property></aas:submodelElement><aas:submodelElement><aas:property><aas:idShort>State</aas:idShort><aas:category>PARAMETER</aas:category><aas:kind>Instance</aas:kind><aas:semanticId><aas:keys><aas:key idType="IRI" local="true" type="ConceptDescription">Series([], )</aas:key></aas:keys></aas:semanticId><aas:valueType>string</aas:valueType></aas:property></aas:submodelElement><aas:submodelElement><aas:property><aas:idShort>LastUpdate</aas:idShort><aas:category>PARAMETER</aas:category><aas:kind>Instance</aas:kind><aas:semanticId><aas:keys><aas:key idType="IRI" local="true" type="ConceptDescription">Series([], )</aas:key></aas:keys></aas:semanticId><aas:valueType>string</aas:valueType></aas:property></aas:submodelElement><aas:submodelElement><aas:submodelElementCollection><aas:idShort>Records</aas:idShort><aas:kind>Instance</aas:kind><aas:semanticId><aas:keys><aas:key idType="IRI" local="false" type="ConceptDescription">https://admin-shell.io/idta/TimeSeries/Records/1/1</aas:key></aas:keys></aas:semanticId><aas:value><aas:submodelElement><aas:submodelElementCollection><aas:idShort>Record</aas:idShort><aas:kind>Instance</aas:kind><aas:semanticId><aas:keys><aas:key idType="IRI" local="false" type="ConceptDescription">https://admin-shell.io/idta/TimeSeries/Record/1/1</aas:key></aas:keys></aas:semanticId><aas:value><aas:submodelElement><aas:property><aas:idShort>Time</aas:idShort><aas:category>PARAMETER</aas:category><aas:kind>Instance</aas:kind><aas:semanticId><aas:keys><aas:key idType="IRDI" local="true" type="ConceptDescription">Series([], )</aas:key></aas:keys></aas:semanticId><aas:valueType>string</aas:valueType></aas:property></aas:submodelElement><aas:submodelElement><aas:property><aas:idShort>Temparature</aas:idShort><aas:category>PARAMETER</aas:category><aas:kind>Instance</aas:kind><aas:semanticId><aas:keys><aas:key idType="IRDI" local="true" type="ConceptDescription">Series([], )</aas:key></aas:keys></aas:semanticId><aas:valueType>string</aas:valueType></aas:property></aas:submodelElement></aas:value><aas:ordered>true</aas:ordered><aas:allowDuplicates>false</aas:allowDuplicates></aas:submodelElementCollection></aas:submodelElement><aas:submodelElement><aas:submodelElementCollection><aas:idShort>Record1</aas:idShort><aas:kind>Instance</aas:kind><aas:semanticId><aas:keys><aas:key idType="IRI" local="false" type="ConceptDescription">https://admin-shell.io/idta/TimeSeries/Record/1/2</aas:key></aas:keys></aas:semanticId><aas:value><aas:submodelElement><aas:property><aas:idShort>Time</aas:idShort><aas:category>PARAMETER</aas:category><aas:kind>Instance</aas:kind><aas:semanticId><aas:keys><aas:key idType="IRDI" local="true" type="ConceptDescription">Series([], )</aas:key></aas:keys></aas:semanticId><aas:valueType>string</aas:valueType></aas:property></aas:submodelElement><aas:submodelElement><aas:property><aas:idShort>Temparature</aas:idShort><aas:category>PARAMETER</aas:category><aas:kind>Instance</aas:kind><aas:semanticId><aas:keys><aas:key idType="IRDI" local="true" type="ConceptDescription">Series([], )</aas:key></aas:keys></aas:semanticId><aas:valueType>string</aas:valueType></aas:property></aas:submodelElement></aas:value><aas:ordered>true</aas:ordered><aas:allowDuplicates>false</aas:allowDuplicates></aas:submodelElementCollection></aas:submodelElement></aas:value><aas:ordered>true</aas:ordered><aas:allowDuplicates>false</aas:allowDuplicates></aas:submodelElementCollection></aas:submodelElement></aas:value><aas:ordered>true</aas:ordered><aas:allowDuplicates>false</aas:allowDuplicates></aas:submodelElementCollection></aas:submodelElement></aas:value><aas:ordered>true</aas:ordered><aas:allowDuplicates>false</aas:allowDuplicates></aas:submodelElementCollection></aas:submodelElement><aas:submodelElement><aas:operation><aas:idShort>DeriveSegment</aas:idShort><aas:category>PARAMETER</aas:category><aas:description><aas:langString lang="en-us">Example Operation object</aas:langString><aas:langString lang="de">Beispiel Operation Element</aas:langString></aas:description><aas:kind>Instance</aas:kind><aas:semanticId><aas:keys><aas:key idType="IRI" local="true" type="ConceptDescription">https://admin-shell.io/idta/TimeSeries/DeriveSegment/1/1</aas:key></aas:keys></aas:semanticId><aas:inputVariable><aas:value><aas:range><aas:idShort>Timespan</aas:idShort><aas:category>PARAMETER</aas:category><aas:description><aas:langString lang="en-us">Example Range object</aas:langString><aas:langString lang="de">Beispiel Range Element</aas:langString></aas:description><aas:kind>Instance</aas:kind><aas:semanticId><aas:keys><aas:key idType="IRI" local="true" type="ConceptDescription">https://admin-shell.io/idta/TimeSeries/Timespan/1/1</aas:key></aas:keys></aas:semanticId><aas:valueType>int</aas:valueType></aas:range></aas:value></aas:inputVariable><aas:inputVariable><aas:value><aas:property><aas:idShort>SamplingIntervall</aas:idShort><aas:category>PARAMETER</aas:category><aas:kind>Instance</aas:kind><aas:semanticId><aas:keys><aas:key idType="IRI" local="true" type="ConceptDescription">Series([], )</aas:key></aas:keys></aas:semanticId><aas:valueType>string</aas:valueType></aas:property></aas:value></aas:inputVariable><aas:inputVariable><aas:value><aas:property><aas:idShort>AggregationMethod</aas:idShort><aas:category>PARAMETER</aas:category><aas:kind>Instance</aas:kind><aas:semanticId><aas:keys><aas:key idType="IRI" local="true" type="ConceptDescription">Series([], )</aas:key></aas:keys></aas:semanticId><aas:valueType>string</aas:valueType></aas:property></aas:value></aas:inputVariable><aas:outputVariable><aas:value><aas:submodelElementCollection><aas:idShort>Segments</aas:idShort><aas:kind>Instance</aas:kind><aas:semanticId><aas:keys><aas:key idType="IRI" local="true" type="ConceptDescription">https://admin-shell.io/idta/TimeSeries/AggregationMethod/1/1</aas:key></aas:keys></aas:semanticId><aas:value/><aas:ordered>true</aas:ordered><aas:allowDuplicates>false</aas:allowDuplicates></aas:submodelElementCollection></aas:value></aas:outputVariable></aas:operation></aas:submodelElement><aas:submodelElement><aas:operation><aas:idShort>ReadSegments</aas:idShort><aas:category>PARAMETER</aas:category><aas:description><aas:langString lang="en-us">Example Operation object</aas:langString><aas:langString lang="de">Beispiel Operation Element</aas:langString></aas:description><aas:kind>Instance</aas:kind><aas:semanticId><aas:keys><aas:key idType="IRI" local="true" type="ConceptDescription">https://admin-shell.io/idta/TimeSeries/ReadSegments/1/1</aas:key></aas:keys></aas:semanticId><aas:inputVariable><aas:value><aas:range><aas:idShort>Timespan</aas:idShort><aas:category>PARAMETER</aas:category><aas:description><aas:langString lang="en-us">Example Range object</aas:langString><aas:langString lang="de">Beispiel Range Element</aas:langString></aas:description><aas:kind>Instance</aas:kind><aas:semanticId><aas:keys><aas:key idType="IRI" local="true" type="ConceptDescription">https://admin-shell.io/idta/TimeSeries/Timespan/1/1</aas:key></aas:keys></aas:semanticId><aas:valueType>int</aas:valueType></aas:range></aas:value></aas:inputVariable><aas:outputVariable><aas:value><aas:submodelElementCollection><aas:idShort>Segments</aas:idShort><aas:kind>Instance</aas:kind><aas:semanticId><aas:keys><aas:key idType="IRI" local="true" type="ConceptDescription">https://admin-shell.io/idta/TimeSeries/AggregationMethod/1/1</aas:key></aas:keys></aas:semanticId><aas:value/><aas:ordered>true</aas:ordered><aas:allowDuplicates>false</aas:allowDuplicates></aas:submodelElementCollection></aas:value></aas:outputVariable></aas:operation></aas:submodelElement><aas:submodelElement><aas:operation><aas:idShort>ReadRecords</aas:idShort><aas:category>PARAMETER</aas:category><aas:description><aas:langString lang="en-us">Example Operation object</aas:langString><aas:langString lang="de">Beispiel Operation Element</aas:langString></aas:description><aas:kind>Instance</aas:kind><aas:semanticId><aas:keys><aas:key idType="IRI" local="true" type="ConceptDescription">https://admin-shell.io/idta/TimeSeries/Timespan/1/1</aas:key></aas:keys></aas:semanticId><aas:inputVariable><aas:value><aas:property><aas:idShort>SamplingIntervall</aas:idShort><aas:category>PARAMETER</aas:category><aas:kind>Instance</aas:kind><aas:semanticId><aas:keys><aas:key idType="IRI" local="true" type="ConceptDescription">Series([], )</aas:key></aas:keys></aas:semanticId><aas:valueType>string</aas:valueType></aas:property></aas:value></aas:inputVariable><aas:inputVariable><aas:value><aas:property><aas:idShort>AggregationMethod</aas:idShort><aas:category>PARAMETER</aas:category><aas:kind>Instance</aas:kind><aas:semanticId><aas:keys><aas:key idType="IRI" local="true" type="ConceptDescription">Series([], )</aas:key></aas:keys></aas:semanticId><aas:valueType>string</aas:valueType></aas:property></aas:value></aas:inputVariable><aas:outputVariable><aas:value><aas:submodelElementCollection><aas:idShort>Records</aas:idShort><aas:kind>Instance</aas:kind><aas:value/><aas:ordered>true</aas:ordered><aas:allowDuplicates>false</aas:allowDuplicates></aas:submodelElementCollection></aas:value></aas:outputVariable></aas:operation></aas:submodelElement></aas:submodelElements></aas:submodel></aas:submodels><aas:conceptDescriptions/></aas:aasenv>