{"assetAdministrationShells": [{"idShort": "TimeseriesWithValue", "modelType": {"name": "AssetAdministrationShell"}, "identification": {"id": "https://acplt.org/Simple_AAS/timeseies", "idType": "IRI"}, "asset": {"keys": [{"type": "Asset", "idType": "IRI", "value": "https://example.com/asset/1", "local": true}]}, "submodels": [{"keys": [{"type": "Submodel", "idType": "IRI", "value": "https://admin-shell.io/idta/TimeSeries/1/1", "local": true}]}]}], "submodels": [{"idShort": "TimeSeries", "category": "Submodel", "modelType": {"name": "Submodel"}, "identification": {"id": "https://admin-shell.io/idta/TimeSeries/1/1", "idType": "IRI"}, "semanticId": {"keys": [{"type": "GlobalReference", "idType": "IRI", "value": "https://admin-shell.io/idta/TimeSeries/1/1", "local": false}]}, "submodelElements": [{"idShort": "Metadata", "modelType": {"name": "SubmodelElementCollection"}, "semanticId": {"keys": [{"type": "ConceptDescription", "idType": "IRI", "value": "https://admin-shell.io/idta/TimeSeries/Metadata/1/1", "local": false}]}, "value": [{"idShort": "Name", "category": "LANG-PARAMETER", "modelType": {"name": "MultiLanguageProperty"}, "semanticId": {"keys": [{"type": "ConceptDescription", "idType": "IRI", "value": "Series([], )", "local": true}]}}, {"idShort": "Description", "category": "LANG-PARAMETER", "modelType": {"name": "MultiLanguageProperty"}, "semanticId": {"keys": [{"type": "ConceptDescription", "idType": "IRI", "value": "Series([], )", "local": true}]}}, {"idShort": "Record", "modelType": {"name": "SubmodelElementCollection"}, "semanticId": {"keys": [{"type": "ConceptDescription", "idType": "IRI", "value": "https://admin-shell.io/idta/TimeSeries/Record/1/1", "local": false}]}, "value": [{"idShort": "Time", "category": "PARAMETER", "modelType": {"name": "Property"}, "semanticId": {"keys": [{"type": "ConceptDescription", "idType": "IRDI", "value": "Series([], )", "local": true}]}, "value": "", "valueType": "string"}, {"idShort": "sampleAccelerationX", "category": "PARAMETER", "modelType": {"name": "Property"}, "semanticId": {"keys": [{"type": "ConceptDescription", "idType": "IRDI", "value": "Series([], )", "local": true}]}, "value": "", "valueType": "string"}, {"idShort": "sampleAccelerationY", "category": "PARAMETER", "modelType": {"name": "Property"}, "semanticId": {"keys": [{"type": "ConceptDescription", "idType": "IRDI", "value": "Series([], )", "local": true}]}, "value": "", "valueType": "string"}, {"idShort": "sampleAccelerationZ", "category": "PARAMETER", "modelType": {"name": "Property"}, "semanticId": {"keys": [{"type": "ConceptDescription", "idType": "IRDI", "value": "Series([], )", "local": true}]}, "value": "", "valueType": "string"}], "ordered": true}], "ordered": true}, {"idShort": "Segments", "modelType": {"name": "SubmodelElementCollection"}, "semanticId": {"keys": [{"type": "ConceptDescription", "idType": "IRI", "value": "https://admin-shell.io/idta/TimeSeries/Segments/1/1", "local": false}]}, "value": [{"idShort": "ExternalSegment", "modelType": {"name": "SubmodelElementCollection"}, "semanticId": {"keys": [{"type": "ConceptDescription", "idType": "IRI", "value": "https://admin-shell.io/idta/TimeSeries/Segments/ExternalSegment/1/1", "local": false}]}, "value": [{"idShort": "Name", "category": "LANG-PARAMETER", "modelType": {"name": "MultiLanguageProperty"}, "semanticId": {"keys": [{"type": "ConceptDescription", "idType": "IRI", "value": "Series([], )", "local": true}]}}, {"idShort": "Description", "category": "LANG-PARAMETER", "modelType": {"name": "MultiLanguageProperty"}, "semanticId": {"keys": [{"type": "ConceptDescription", "idType": "IRI", "value": "Series([], )", "local": true}]}}, {"idShort": "RecordCount", "category": "PARAMETER", "modelType": {"name": "Property"}, "semanticId": {"keys": [{"type": "ConceptDescription", "idType": "IRI", "value": "Series([], )", "local": true}]}, "value": "", "valueType": "string"}, {"idShort": "StartTime", "category": "PARAMETER", "modelType": {"name": "Property"}, "semanticId": {"keys": [{"type": "ConceptDescription", "idType": "IRI", "value": "Series([], )", "local": true}]}, "value": "", "valueType": "string"}, {"idShort": "EndTime", "category": "PARAMETER", "modelType": {"name": "Property"}, "semanticId": {"keys": [{"type": "ConceptDescription", "idType": "IRI", "value": "Series([], )", "local": true}]}, "value": "", "valueType": "string"}, {"idShort": "Duration", "category": "PARAMETER", "modelType": {"name": "Property"}, "semanticId": {"keys": [{"type": "ConceptDescription", "idType": "IRI", "value": "Series([], )", "local": true}]}, "value": "", "valueType": "string"}, {"idShort": "SamplingInterval", "category": "PARAMETER", "modelType": {"name": "Property"}, "semanticId": {"keys": [{"type": "ConceptDescription", "idType": "IRI", "value": "Series([], )", "local": true}]}, "value": "", "valueType": "string"}, {"idShort": "SamplingRate", "category": "PARAMETER", "modelType": {"name": "Property"}, "semanticId": {"keys": [{"type": "ConceptDescription", "idType": "IRI", "value": "Series([], )", "local": true}]}, "value": "", "valueType": "string"}, {"idShort": "State", "category": "PARAMETER", "modelType": {"name": "Property"}, "semanticId": {"keys": [{"type": "ConceptDescription", "idType": "IRI", "value": "Series([], )", "local": true}]}, "value": "", "valueType": "string"}, {"idShort": "LastUpdate", "category": "PARAMETER", "modelType": {"name": "Property"}, "semanticId": {"keys": [{"type": "ConceptDescription", "idType": "IRI", "value": "Series([], )", "local": true}]}, "value": "", "valueType": "string"}, {"idShort": "ExplanatoryStatement", "modelType": {"name": "File"}, "semanticId": {"keys": [{"type": "GlobalReference", "idType": "IRI", "value": "https://example.com/ids/cd/3291_7022_2032_0718", "local": false}]}, "value": null, "mimeType": "application/pdf"}, {"idShort": "Blob", "category": "PARAMETER", "description": [{"language": "en-us", "text": "Example Blob object"}, {"language": "de", "text": "Beispiel Blob Element"}], "modelType": {"name": "Blob"}, "semanticId": {"keys": [{"type": "ConceptDescription", "idType": "IRI", "value": "https://admin-shell.io/idta/TimeSeries/Blob/1/1", "local": false}]}, "mimeType": "application/pdf"}], "ordered": true}, {"idShort": "LinkedSegment", "modelType": {"name": "SubmodelElementCollection"}, "semanticId": {"keys": [{"type": "ConceptDescription", "idType": "IRI", "value": " https://admin-shell.io/idta/TimeSeries/Segments/LinkedSegment/1/1", "local": false}]}, "value": [{"idShort": "Name", "category": "LANG-PARAMETER", "modelType": {"name": "MultiLanguageProperty"}, "semanticId": {"keys": [{"type": "ConceptDescription", "idType": "IRI", "value": "Series([], )", "local": true}]}}, {"idShort": "Description", "category": "LANG-PARAMETER", "modelType": {"name": "MultiLanguageProperty"}, "semanticId": {"keys": [{"type": "ConceptDescription", "idType": "IRI", "value": "Series([], )", "local": true}]}}, {"idShort": "RecordCount", "category": "PARAMETER", "modelType": {"name": "Property"}, "semanticId": {"keys": [{"type": "ConceptDescription", "idType": "IRI", "value": "Series([], )", "local": true}]}, "value": "", "valueType": "string"}, {"idShort": "StartTime", "category": "PARAMETER", "modelType": {"name": "Property"}, "semanticId": {"keys": [{"type": "ConceptDescription", "idType": "IRI", "value": "Series([], )", "local": true}]}, "value": "", "valueType": "string"}, {"idShort": "EndTime", "category": "PARAMETER", "modelType": {"name": "Property"}, "semanticId": {"keys": [{"type": "ConceptDescription", "idType": "IRI", "value": "Series([], )", "local": true}]}, "value": "", "valueType": "string"}, {"idShort": "Duration", "category": "PARAMETER", "modelType": {"name": "Property"}, "semanticId": {"keys": [{"type": "ConceptDescription", "idType": "IRI", "value": "Series([], )", "local": true}]}, "value": "", "valueType": "string"}, {"idShort": "SamplingInterval", "category": "PARAMETER", "modelType": {"name": "Property"}, "semanticId": {"keys": [{"type": "ConceptDescription", "idType": "IRI", "value": "Series([], )", "local": true}]}, "value": "", "valueType": "string"}, {"idShort": "SamplingRate", "category": "PARAMETER", "modelType": {"name": "Property"}, "semanticId": {"keys": [{"type": "ConceptDescription", "idType": "IRI", "value": "Series([], )", "local": true}]}, "value": "", "valueType": "string"}, {"idShort": "State", "category": "PARAMETER", "modelType": {"name": "Property"}, "semanticId": {"keys": [{"type": "ConceptDescription", "idType": "IRI", "value": "Series([], )", "local": true}]}, "value": "", "valueType": "string"}, {"idShort": "LastUpdate", "category": "PARAMETER", "modelType": {"name": "Property"}, "semanticId": {"keys": [{"type": "ConceptDescription", "idType": "IRI", "value": "Series([], )", "local": true}]}, "value": "", "valueType": "string"}, {"idShort": "Endpoint", "category": "PARAMETER", "modelType": {"name": "Property"}, "semanticId": {"keys": [{"type": "ConceptDescription", "idType": "IRI", "value": "Series([], )", "local": true}]}, "value": "http://192.168.0.100:8086", "valueType": "string"}, {"idShort": "Query", "category": "PARAMETER", "modelType": {"name": "Property"}, "semanticId": {"keys": [{"type": "ConceptDescription", "idType": "IRI", "value": "Series([], )", "local": true}]}, "value": "from(bucket: \"{aas_data_rpi}\") |> range(start: -1h)", "valueType": "string"}], "ordered": true}, {"idShort": "InternalSegment", "modelType": {"name": "SubmodelElementCollection"}, "semanticId": {"keys": [{"type": "ConceptDescription", "idType": "IRI", "value": "https://admin-shell.io/idta/TimeSeries/Segments/InternalSegment/1/1", "local": false}]}, "value": [{"idShort": "Name", "category": "LANG-PARAMETER", "modelType": {"name": "MultiLanguageProperty"}, "semanticId": {"keys": [{"type": "ConceptDescription", "idType": "IRI", "value": "Series([], )", "local": true}]}}, {"idShort": "Description", "category": "LANG-PARAMETER", "modelType": {"name": "MultiLanguageProperty"}, "semanticId": {"keys": [{"type": "ConceptDescription", "idType": "IRI", "value": "Series([], )", "local": true}]}}, {"idShort": "RecordCount", "category": "PARAMETER", "modelType": {"name": "Property"}, "semanticId": {"keys": [{"type": "ConceptDescription", "idType": "IRI", "value": "Series([], )", "local": true}]}, "value": "", "valueType": "string"}, {"idShort": "StartTime", "category": "PARAMETER", "modelType": {"name": "Property"}, "semanticId": {"keys": [{"type": "ConceptDescription", "idType": "IRI", "value": "Series([], )", "local": true}]}, "value": "", "valueType": "string"}, {"idShort": "EndTime", "category": "PARAMETER", "modelType": {"name": "Property"}, "semanticId": {"keys": [{"type": "ConceptDescription", "idType": "IRI", "value": "Series([], )", "local": true}]}, "value": "", "valueType": "string"}, {"idShort": "Duration", "category": "PARAMETER", "modelType": {"name": "Property"}, "semanticId": {"keys": [{"type": "ConceptDescription", "idType": "IRI", "value": "Series([], )", "local": true}]}, "value": "", "valueType": "string"}, {"idShort": "SamplingInterval", "category": "PARAMETER", "modelType": {"name": "Property"}, "semanticId": {"keys": [{"type": "ConceptDescription", "idType": "IRI", "value": "Series([], )", "local": true}]}, "value": "", "valueType": "string"}, {"idShort": "SamplingRate", "category": "PARAMETER", "modelType": {"name": "Property"}, "semanticId": {"keys": [{"type": "ConceptDescription", "idType": "IRI", "value": "Series([], )", "local": true}]}, "value": "", "valueType": "string"}, {"idShort": "State", "category": "PARAMETER", "modelType": {"name": "Property"}, "semanticId": {"keys": [{"type": "ConceptDescription", "idType": "IRI", "value": "Series([], )", "local": true}]}, "value": "", "valueType": "string"}, {"idShort": "LastUpdate", "category": "PARAMETER", "modelType": {"name": "Property"}, "semanticId": {"keys": [{"type": "ConceptDescription", "idType": "IRI", "value": "Series([], )", "local": true}]}, "value": "", "valueType": "string"}, {"idShort": "Records", "modelType": {"name": "SubmodelElementCollection"}, "semanticId": {"keys": [{"type": "ConceptDescription", "idType": "IRI", "value": "https://admin-shell.io/idta/TimeSeries/Records/1/1", "local": false}]}, "value": [{"idShort": "Record", "modelType": {"name": "SubmodelElementCollection"}, "semanticId": {"keys": [{"type": "ConceptDescription", "idType": "IRI", "value": "https://admin-shell.io/idta/TimeSeries/Record/1/1", "local": false}]}, "value": [{"idShort": "Time", "category": "PARAMETER", "modelType": {"name": "Property"}, "semanticId": {"keys": [{"type": "ConceptDescription", "idType": "IRDI", "value": "Series([], )", "local": true}]}, "value": "", "valueType": "string"}, {"idShort": "Temparature", "category": "PARAMETER", "modelType": {"name": "Property"}, "semanticId": {"keys": [{"type": "ConceptDescription", "idType": "IRDI", "value": "Series([], )", "local": true}]}, "value": "", "valueType": "string"}], "ordered": true}, {"idShort": "Record1", "modelType": {"name": "SubmodelElementCollection"}, "semanticId": {"keys": [{"type": "ConceptDescription", "idType": "IRI", "value": "https://admin-shell.io/idta/TimeSeries/Record/1/2", "local": false}]}, "value": [{"idShort": "Time", "category": "PARAMETER", "modelType": {"name": "Property"}, "semanticId": {"keys": [{"type": "ConceptDescription", "idType": "IRDI", "value": "Series([], )", "local": true}]}, "value": "", "valueType": "string"}, {"idShort": "Temparature", "category": "PARAMETER", "modelType": {"name": "Property"}, "semanticId": {"keys": [{"type": "ConceptDescription", "idType": "IRDI", "value": "Series([], )", "local": true}]}, "value": "", "valueType": "string"}], "ordered": true}], "ordered": true}], "ordered": true}], "ordered": true}, {"idShort": "DeriveSegment", "category": "PARAMETER", "description": [{"language": "en-us", "text": "Example Operation object"}, {"language": "de", "text": "Beispiel Operation Element"}], "modelType": {"name": "Operation"}, "semanticId": {"keys": [{"type": "ConceptDescription", "idType": "IRI", "value": "https://admin-shell.io/idta/TimeSeries/DeriveSegment/1/1", "local": true}]}, "inputVariable": [{"value": {"idShort": "Timespan", "category": "PARAMETER", "description": [{"language": "en-us", "text": "Example Range object"}, {"language": "de", "text": "Beispiel Range Element"}], "modelType": {"name": "Range"}, "semanticId": {"keys": [{"type": "ConceptDescription", "idType": "IRI", "value": "https://admin-shell.io/idta/TimeSeries/Timespan/1/1", "local": true}]}, "valueType": "int", "min": null, "max": null}}, {"value": {"idShort": "SamplingIntervall", "category": "PARAMETER", "modelType": {"name": "Property"}, "semanticId": {"keys": [{"type": "ConceptDescription", "idType": "IRI", "value": "Series([], )", "local": true}]}, "value": "", "valueType": "string"}}, {"value": {"idShort": "AggregationMethod", "category": "PARAMETER", "modelType": {"name": "Property"}, "semanticId": {"keys": [{"type": "ConceptDescription", "idType": "IRI", "value": "Series([], )", "local": true}]}, "value": "", "valueType": "string"}}], "outputVariable": [{"value": {"idShort": "Segments", "modelType": {"name": "SubmodelElementCollection"}, "semanticId": {"keys": [{"type": "ConceptDescription", "idType": "IRI", "value": "https://admin-shell.io/idta/TimeSeries/AggregationMethod/1/1", "local": true}]}, "ordered": true}}]}, {"idShort": "ReadSegments", "category": "PARAMETER", "description": [{"language": "en-us", "text": "Example Operation object"}, {"language": "de", "text": "Beispiel Operation Element"}], "modelType": {"name": "Operation"}, "semanticId": {"keys": [{"type": "ConceptDescription", "idType": "IRI", "value": "https://admin-shell.io/idta/TimeSeries/ReadSegments/1/1", "local": true}]}, "inputVariable": [{"value": {"idShort": "Timespan", "category": "PARAMETER", "description": [{"language": "en-us", "text": "Example Range object"}, {"language": "de", "text": "Beispiel Range Element"}], "modelType": {"name": "Range"}, "semanticId": {"keys": [{"type": "ConceptDescription", "idType": "IRI", "value": "https://admin-shell.io/idta/TimeSeries/Timespan/1/1", "local": true}]}, "valueType": "int", "min": null, "max": null}}], "outputVariable": [{"value": {"idShort": "Segments", "modelType": {"name": "SubmodelElementCollection"}, "semanticId": {"keys": [{"type": "ConceptDescription", "idType": "IRI", "value": "https://admin-shell.io/idta/TimeSeries/AggregationMethod/1/1", "local": true}]}, "ordered": true}}]}, {"idShort": "ReadRecords", "category": "PARAMETER", "description": [{"language": "en-us", "text": "Example Operation object"}, {"language": "de", "text": "Beispiel Operation Element"}], "modelType": {"name": "Operation"}, "semanticId": {"keys": [{"type": "ConceptDescription", "idType": "IRI", "value": "https://admin-shell.io/idta/TimeSeries/Timespan/1/1", "local": true}]}, "inputVariable": [{"value": {"idShort": "SamplingIntervall", "category": "PARAMETER", "modelType": {"name": "Property"}, "semanticId": {"keys": [{"type": "ConceptDescription", "idType": "IRI", "value": "Series([], )", "local": true}]}, "value": "", "valueType": "string"}}, {"value": {"idShort": "AggregationMethod", "category": "PARAMETER", "modelType": {"name": "Property"}, "semanticId": {"keys": [{"type": "ConceptDescription", "idType": "IRI", "value": "Series([], )", "local": true}]}, "value": "", "valueType": "string"}}], "outputVariable": [{"value": {"idShort": "Records", "modelType": {"name": "SubmodelElementCollection"}, "ordered": true}}]}]}], "assets": [{"idShort": "HARTINGAAS", "modelType": {"name": "Asset"}, "identification": {"id": "https://example.com/asset/1", "idType": "IRI"}, "kind": "Instance"}], "conceptDescriptions": []}