﻿Multilang_Property,IRI_IRDI,semantic_id_key_type
ManufacturerName,0173-1#02-AAO677#002,IRDI
ManufacturerProductDesignation,0173-1#02-AAW338#001,IRDI
NationalCode,0173-1#02-AAO134#002,IRDI
CityTown,0173-1#02-AAO132#002,IRDI
Company,0173-1#02-AAW001#001,IRDI
Department,0173-1#02-AAO127#003,IRDI
TelephoneNumber,0173-1#02-AAO136#002,IRDI
AvailableTime,https://admin-shell.io/zvei/nameplate/1/0/ContactInformations/ContactInformation/AvailableTime/,IRI
FaxNumber,0173-1#02-AAO195#002,IRDI
PublicKey,0173-1#02-AAO200#002,IRDI
TypeOfPublicKey,0173-1#02-AAO201#002,IRDI
Street,0173-1#02-AAO128#002,IRDI
Zipcode,0173-1#02-AAO129#002,IRDI
POBox,0173-1#02-AAO130#002,IRDI
ZipCodeOfPOBox,0173-1#02-AAO131#002,IRDI
StateCounty,0173-1#02-AAO133#002,IRDI
NameOfContact,0173-1#02-AAO205#002,IRDI
FirstName,0173-1#02-AAO206#002,IRDI
MiddleNames,0173-1#02-AAO207#002,IRDI
Title,0173-1#02-AAO208#003,IRDI
AcademicTitle,0173-1#02-AAO209#003,IRDI
FurtherDetailsOfContact,0173-1#02-AAO210#002,IRDI
ManufacturerProductRoot,0173-1#02-AAU732#001,IRDI
Language,https://admin-shell.io/zvei/nameplate/1/0/ContactInformations/ContactInformation/Language,IRI
FaxNumber,0173-1#02-AAO195#002,IRDI
PublicKey,0173-1#02-AAO200#002,IRDI
TypeOfPublicKey,0173-1#02-AAO201#002,IRDI
ManufacturerProductFamily,0173-1#02-AAU731#001,IRDI
ManufacturerProductType,0173-1#02-AAO057#002,IRDI
OrderCodeOfManufacturer,0173-1#02-AAO227#002,IRDI
ProductArticleNumberOfManufacturer,0173-1#02-AAO676#003,IRDI
HardwareVersion,0173-1#02-AAN270#002,IRDI
FirmwareVersion,0173-1#02-AAM985#002,IRDI
SoftwareVersion,0173-1#02-AAM737#002,IRDI
TypeOfApproval,0173-1#02-AAM812#003,IRDI
ApprovalAgencyTestingAgency,0173-1#02-AAM632#001,IRDI
EquipmentProtectionLevel,0173-1#02-AAM668#001,IRDI
EquipmentProtectionLevel,0173-1#02-AAM668#001,IRDI
EquipmentProtectionLevel,0173-1#02-AAM668#001,IRDI
ClassName,0173-1#02-AAO102#003,IRDI
SubTitle,0173-1#02-ABH998#001,IRDI
Summary,0173-1#02-AAO106#002,IRDI
KeyWords,0173-1#02-ABH999#001,IRDI
