﻿Property,IRI_IRDI,semantic_id_key_type
URIOfTheProduct,0173-1#02-AAY811#001,IRDI
SerialNumber,0173-1#02-AAM556#002,IRDI
YearOfConstruction,0173-1#02-AAP906#001,IRDI
DateOfManufacture,0173-1#02-AAR972#002,IRDI
RoleOfContactPerson,0173-1#02-AAO204#003,IRDI
Language,https://admin-shell.io/zvei/nameplate/1/0/ContactInformations/ContactInformation/Language,IRI
TimeZone,https://admin-shell.io/zvei/nameplate/1/0/ContactInformations/ContactInformation/TimeZone,IRI
TypeOfTelephone,0173-1#02-AAO137#003,IRDI
TypeOfFaxNumber,0173-1#02-AAO196#003,IRDI
EmailAddress,0173-1#02-AAO198#002,IRDI
TypeOfEmailAddress,0173-1#02-AAO199#003,IRDI
TypeOfPublicKey,0173-1#02-AAO201#002,IRDI
AddressOfAdditionalLink,0173-1#02-AAQ326#002,IRDI
TypeOfCommunication,https://admin-shell.io/zvei/nameplate/1/0/ ContactInformations/ContactInformation/IPCommunication/TypeOfCommunication,IRI
CountryOfOrigin,0173-1#02-AAO259#004,IRDI
MarkingName,https://admin-shell.io/zvei/nameplate/2/0/Nameplate/Markings/Marking/MarkingName,IRI
DesignationOfCertificateOrApproval,0112/2///61987#ABH783#001,IRDI
IssueDate,https://admin-shell.io/zvei/nameplate/2/0/Nameplate/Markings/Marking/IssueDate,IRI
ExpiryDate, https://admin-shell.io/zvei/nameplate/2/0/Nameplate/Markings/Marking/ExpiryDate,IRI
MarkingAdditionalText,https://admin-shell.io/zvei/nameplate/2/0/Nameplate/Markings/Marking/MarkingAdditionalText,IRI
DesignationOfCertificateOrApproval,0112/2///61987#ABH783#001,IRDI
TypeOfProtection,0173-1#02-AAQ325#003,IRDI
RatedInsulationVoltage,0173-1#02-AAN532#003,IRDI
SpecificConditionsForUse,https://admin-shell.io/zvei/nameplate/2/0/Nameplate/Markings/Marking/ExplosionSafeties/ExplosionSafety/SpecificConditionsForUse,IRI
DeviceCategory,0173-1#02-AAK297#004,IRDI
RegionalSpecificMarking, https://admin-shell.io/zvei/nameplate/2/0/Nameplate/Markings/Marking/ExplosionSafeties/ExplosionSafety/RegionalSpecificMarking,IRI
ExplosionGroup,0173-1#02-AAT372#001,IRDI
MinimumAmbientTemperature,0173-1#02-AAZ952#001,IRDI
MaxAmbientTemperature,0173-1#02-BAA039#010,IRDI
MaxSurfaceTemperatureForDustProof,0173-1#02-AAM666#005,IRDI
TemperatureClass,0173-1#02-AAO371#004,IRDI
DeviceCategory,0173-1#02-AAK297#004,IRDI
RegionalSpecificMarking,https://admin-shell.io/zvei/nameplate/2/0/Nameplate/Markings/Marking/ExplosionSafeties/ExplosionSafety/RegionalSpecificMarking,IRI
LowerLimitingValueOfProcessTemperature,0173-1#02-AAN309#004,IRDI
UpperLimitingValueOfProcessTemperature,0173-1#02-AAN307#004,IRDI
MaxSurfaceTemperatureForDustProof,0173-1#02-AAM666#005,IRDI
TemperatureClass,0173-1#02-AAO371#004,IRDI
DesignationOfElectricalTerminal,0112/2///61987#ABB147#004,IRDI
Characteristics,https://admin-shell.io/zvei/nameplate/2/0/Nameplate/Markings/Marking/ExplosionSafeties/ExplosionSafety/ExternalElectricalCircuit/Characteristics,IRI
Fisco,https://admin-shell.io/zvei/nameplate/2/0/Nameplate/Markings/Marking/ExplosionSafeties/ExplosionSafety/ExternalElectricalCircuit/Fisco,IRI
TwoWISE,https://admin-shell.io/zvei/nameplate/2/0/Nameplate/Markings/Marking/ExplosionSafeties/ExplosionSafety/ExternalElectricalCircuit/TwoWISE,IRI
MaxInputPower,0173-1#02-AAQ372#003,IRDI
MaxInputVoltage,0173-1#02-AAM638#003,IRDI
MaxInputCurrent,0173-1#02-AAM642#004,IRDI
MaxInternalCapacitance,0173-1#02-AAM640#004,IRDI
MaxInternalInductance,0173-1#02-AAM639#003,IRDI
MaxOutputPower,0173-1#02-AAQ371#003,IRDI
MaxOutputVoltage,0173-1#02-AAM635#003,IRDI
MaxOutputCurrent,0173-1#02-AAM641#004,IRDI
MaxExternalCapacitance,0173-1#02-AAM637#004,IRDI
MaxExternalInductance,0173-1#02-AAM636#003,IRDI
MaxExternalInductanceResistanceRatio,0173-1#02-AAM634#003,IRDI
numberOfDocuments,0173-1#02-ABH990#001,IRDI
DocumentDomainId,0173-1#02-ABH994#001,IRDI
ValueId,0173-1#02-AAO099#002,IRDI
IsPrimary,0173-1#02-ABH995#001,IRDI
ClassId,0173-1#02-ABH996#001,IRDI
ClassificationSystem,0173-1#02-ABH997#001,IRDI
DocumentVersionId,0173-1#02-AAO100#002,IRDI
StatusSetDate,0173-1#02-ABI000#001,IRDI
StatusValue,0173-1#02-ABI001#001,IRDI
Organizationname,0173-1#02-ABI002#001,IRDI
OrganizationOfficialname,0173-1#02-ABI004#001,IRDI
